uf;regiao;codigo;municipio;votos_2022;votos_2026;d_votos;validos_2022;validos_2026;d_validos;pct_2022;pct_2026;d_pp;multiplicador;efeito_validos;efeito_participacao;esperado_tendencia;acima_tendencia
RJ;SE;3301009;Campos Dos Goytacazes;346;761;415;213722;448163;234441;0,1619;0,1698;0,0079;2,1994;379,5425;35,4575;455,6708;305,3292
RJ;SE;3302270;Japeri;42;107;65;43255;92860;49605;0,0971;0,1152;0,0181;2,5476;48,1658;16,8342;56,6278;50,3722
RJ;SE;3304102;Porciúncula;10;32;22;7112;16279;9167;0,1406;0,1966;0,0560;3,2000;12,8895;9,1105;14,3755;17,6245
RJ;SE;3301603;Duas Barras;5;19;14;5355;12849;7494;0,0934;0,1479;0,0545;3,8000;6,9972;7,0028;7,5347;11,4653
RJ;SE;3302056;Italva;1;9;8;6216;15578;9362;0,0161;0,0578;0,0417;9,0000;1,5061;6,4939;1,5739;7,4261
RJ;SE;3303005;Miracema;7;22;15;12303;27518;15215;0,0569;0,0799;0,0231;3,1429;8,6568;6,3432;9,8331;12,1669
RJ;SE;3303609;Paracambi;23;55;32;20104;43057;22953;0,1144;0,1277;0,0133;2,3913;26,2594;5,7406;30,9369;24,0631
RJ;SE;3301108;Cantagalo;6;19;13;8382;19499;11117;0,0716;0,0974;0,0259;3,1667;7,9578;5,0422;8,7661;10,2339
RJ;SE;3301801;Engenheiro Paulo De Frontin;6;18;12;6818;15120;8302;0,0880;0,1190;0,0310;3,0000;7,3060;4,6940;8,3567;9,6433
RJ;SE;3304607;Santa Maria Madalena;3;11;8;5160;11427;6267;0,0581;0,0963;0,0381;3,6667;3,6436;4,3564;4,1725;6,8275
RJ;SE;3301405;Conceição De Macabu;12;30;18;10114;21888;11774;0,1186;0,1371;0,0184;2,5000;13,9695;4,0305;16,3100;13,6900
RJ;SE;3302809;Mendes;8;21;13;9159;19743;10584;0,0873;0,1064;0,0190;2,6250;9,2447;3,7553;10,8304;10,1696
RJ;SE;3300902;Cambuci;3;9;6;7249;17083;9834;0,0414;0,0527;0,0113;3,0000;4,0698;1,9302;4,4401;4,5599
RJ;SE;3305158;São José Do Vale Do Rio Preto;8;24;16;7663;21683;14020;0,1044;0,1107;0,0063;3,0000;14,6366;1,3634;14,2167;9,7833
RJ;SE;3305901;Trajano De Moraes;2;5;3;5285;12073;6788;0,0378;0,0414;0,0036;2,5000;2,5688;0,4312;2,8694;2,1306
RJ;SE;3305406;Sapucaia;8;21;13;7935;20415;12480;0,1008;0,1029;0,0020;2,6250;12,5822;0,4178;12,9265;8,0735
RJ;SE;3305133;São José De Ubá;1;2;1;4819;10452;5633;0,0208;0,0191;-0,0016;2,0000;1,1689;-0,1689;1,3622;0,6378
RJ;SE;3305604;Silva Jardim;15;35;20;10271;24897;14626;0,1460;0,1406;-0,0055;2,3333;21,3601;-1,3601;22,8357;12,1643
RJ;SE;3306156;Varre-Sai;4;8;4;4618;11221;6603;0,0866;0,0713;-0,0153;2,0000;5,7194;-1,7194;6,1042;1,8958
RJ;SE;3304003;Piraí;20;43;23;13104;30078;16974;0,1526;0,1430;-0,0097;2,1500;25,9066;-2,9066;28,8312;14,1688
RJ;SE;3302452;Macuco;3;4;1;4396;10156;5760;0,0682;0,0394;-0,0289;1,3333;3,9308;-2,9308;4,3529;-0,3529
RJ;SE;3301504;Cordeiro;13;29;16;9235;22932;13697;0,1408;0,1265;-0,0143;2,2308;19,2811;-3,2811;20,2739;8,7261
RJ;SE;3305703;Sumidouro;5;8;3;8372;19494;11122;0,0597;0,0410;-0,0187;1,6000;6,6424;-3,6424;7,3119;0,6881
RJ;SE;3306206;Vassouras;25;53;28;16228;36899;20671;0,1541;0,1436;-0,0104;2,1200;31,8447;-3,8447;35,7008;17,2992
RJ;SE;3302304;Laje Do Muriaé;5;7;2;3968;8959;4991;0,1260;0,0781;-0,0479;1,4000;6,2891;-4,2891;7,0900;-0,0900
RJ;SE;3305307;São Sebastião Do Alto;5;6;1;4842;10122;5280;0,1033;0,0593;-0,0440;1,2000;5,4523;-4,4523;6,5645;-0,5645
RJ;SE;3304508;Rio Das Flores;5;7;2;4879;11538;6659;0,1025;0,0607;-0,0418;1,4000;6,8241;-4,8241;7,4261;-0,4261
RJ;SE;3301157;Cardoso Moreira;3;2;-1;7284;17262;9978;0,0412;0,0116;-0,0296;0,6667;4,1096;-5,1096;4,4651;-2,4651
RJ;SE;3304409;Rio Claro;11;20;9;8119;19095;10976;0,1355;0,1047;-0,0307;1,8182;14,8708;-5,8708;16,2479;3,7521
RJ;SE;3300951;Comendador Levy Gasparian;7;9;2;4943;11172;6229;0,1416;0,0806;-0,0611;1,2857;8,8212;-6,8212;9,9363;-0,9363
RJ;SE;3305000;São João Da Barra;28;62;34;22523;55770;33247;0,1243;0,1112;-0,0131;2,2143;41,3318;-7,3318;43,5432;18,4568
RJ;SE;3300159;Aperibé;10;15;5;5965;13788;7823;0,1676;0,1088;-0,0589;1,5000;13,1148;-8,1148;14,5171;0,4829
RJ;SE;3300225;Areal;6;8;2;5036;13544;8508;0,1191;0,0591;-0,0601;1,3333;10,1366;-8,1366;10,1345;-2,1345
RJ;SE;3302205;Itaperuna;37;82;45;40493;98796;58303;0,0914;0,0830;-0,0084;2,2162;53,2737;-8,2737;56,6956;25,3044
RJ;SE;3300605;Bom Jesus Do Itabapoana;22;42;20;16445;37714;21269;0,1338;0,1114;-0,0224;1,9091;28,4535;-8,4535;31,6869;10,3131
RJ;SE;3304151;Quissamã;17;27;10;11458;24805;13347;0,1484;0,1088;-0,0395;1,5882;19,8027;-9,8027;23,1136;3,8864
RJ;SE;3301207;Carmo;15;25;10;8064;19111;11047;0,1860;0,1308;-0,0552;1,6667;20,5487;-10,5487;22,3261;2,6739
RJ;SE;3304128;Quatis;9;9;0;6272;14745;8473;0,1435;0,0610;-0,0825;1,0000;12,1583;-12,1583;13,2883;-4,2883
RJ;SE;3304805;São Fidélis;17;26;9;17426;40319;22893;0,0976;0,0645;-0,0331;1,5294;22,3334;-13,3334;24,7030;1,2970
RJ;SE;3300936;Carapebus;9;8;-1;7696;18624;10928;0,1169;0,0430;-0,0740;0,8889;12,7796;-13,7796;13,6785;-5,6785
RJ;SE;3304755;São Francisco De Itabapoana;19;28;9;20815;47771;26956;0,0913;0,0586;-0,0327;1,4737;24,6055;-15,6055;27,3861;0,6139
RJ;SE;3300506;Bom Jardim;20;34;14;10467;27928;17461;0,1911;0,1217;-0,0693;1,7000;33,3639;-19,3639;33,5147;0,4853
RJ;SE;3303856;Paty Do Alferes;18;22;4;13692;32903;19211;0,1315;0,0669;-0,0646;1,2222;25,2555;-21,2555;27,1662;-5,1662
RJ;SE;3304110;Porto Real;24;34;10;10317;24624;14307;0,2326;0,1381;-0,0945;1,4167;33,2818;-23,2818;35,9753;-1,9753
RJ;SE;3303104;Natividade;18;15;-3;6821;15452;8631;0,2639;0,0971;-0,1668;0,8333;22,7764;-25,7764;25,6093;-10,6093
RJ;SE;3302106;Itaocara;16;12;-4;10936;25836;14900;0,1463;0,0464;-0,0999;0,7500;21,7996;-25,7996;23,7397;-11,7397
RJ;SE;3301306;Casimiro De Abreu;36;67;31;17535;47151;29616;0,2053;0,1421;-0,0632;1,8611;60,8027;-29,8027;60,7961;6,2039
RJ;SE;3304706;Santo Antônio De Pádua;27;36;9;17081;42432;25351;0,1581;0,0848;-0,0732;1,3333;40,0724;-31,0724;42,1243;-6,1243
RJ;SE;3300456;Belford Roxo;238;495;257;186365;415758;229393;0,1277;0,1191;-0,0086;2,0798;292,9495;-35,9495;333,4583;161,5417
RJ;SE;3300258;Arraial Do Cabo;31;50;19;16504;45946;29442;0,1878;0,1088;-0,0790;1,6129;55,3019;-36,3019;54,2011;-4,2011
RJ;SE;3305554;Seropédica;58;99;41;32173;76364;44191;0,1803;0,1296;-0,0506;1,7069;79,6655;-38,6655;86,4596;12,5404
RJ;SE;3302908;Miguel Pereira;33;41;8;13300;32299;18999;0,2481;0,1269;-0,1212;1,2424;47,1404;-39,1404;50,3315;-9,3315
RJ;SE;3303955;Pinheiral;31;32;1;10603;24616;14013;0,2924;0,1300;-0,1624;1,0323;40,9698;-39,9698;45,2000;-13,2000
RJ;SE;3302254;Itatiaia;40;57;17;13990;34890;20900;0,2859;0,1634;-0,1225;1,4250;59,7570;-42,7570;62,6515;-5,6515
RJ;SE;3304144;Queimados;86;171;85;56055;139948;83893;0,1534;0,1222;-0,0312;1,9884;128,7093;-43,7093;134,8463;36,1537
RJ;SE;3301876;Iguaba Grande;35;54;19;14326;42315;27989;0,2443;0,1276;-0,1167;1,5429;68,3802;-49,3802;64,9271;-10,9271
RJ;SE;3301900;Itaboraí;150;278;128;101595;223003;121408;0,1476;0,1247;-0,0230;1,8533;179,2529;-51,2529;206,7845;71,2155
RJ;SE;3305752;Tanguá;40;38;-2;15382;35083;19701;0,2600;0,1083;-0,1517;0,9500;51,2313;-53,2313;57,2970;-19,2970
RJ;SE;3301850;Guapimirim;52;79;27;22526;58246;35720;0,2308;0,1356;-0,0952;1,5192;82,4576;-55,4576;84,4449;-5,4449
RJ;SE;3303708;Paraíba Do Sul;47;53;6;18395;42561;24166;0,2555;0,1245;-0,1310;1,1277;61,7451;-55,7451;68,2965;-15,2965
RJ;SE;3302007;Itaguaí;101;200;99;49676;126176;76500;0,2033;0,1585;-0,0448;1,9802;155,5379;-56,5379;161,1164;38,8836
RJ;SE;3304300;Rio Bonito;54;71;17;25162;60651;35489;0,2146;0,1171;-0,0975;1,3148;76,1627;-59,1627;81,7476;-10,7476
RJ;SE;3306008;Três Rios;79;95;16;34486;76140;41654;0,2291;0,1248;-0,1043;1,2025;95,4203;-79,4203;109,5432;-14,5432
RJ;SE;3302858;Mesquita;127;223;96;71479;173322;101843;0,1777;0,1287;-0,0490;1,7559;180,9491;-84,9491;193,4048;29,5952
RJ;SE;3303807;Paraty;56;58;2;17490;44894;27404;0,3202;0,1292;-0,1910;1,0357;87,7429;-85,7429;90,2765;-32,2765
RJ;SE;3300233;Armação Dos Búzios;60;73;13;17655;48294;30639;0,3398;0,1512;-0,1887;1,2167;104,1257;-91,1257;103,0778;-30,0778
RJ;SE;3300209;Araruama;98;164;66;52900;141207;88307;0,1853;0,1161;-0,0691;1,6735;163,5933;-97,5933;164,2914;-0,2914
RJ;SE;3300803;Cachoeiras De Macacu;61;52;-9;24255;60387;36132;0,2515;0,0861;-0,1654;0,8525;90,8700;-99,8700;95,3807;-43,3807
RJ;SE;3305208;São Pedro Da Aldeia;81;118;37;36611;99145;62534;0,2212;0,1190;-0,1022;1,4568;138,3533;-101,3533;137,7630;-19,7630
RJ;SE;3305505;Saquarema;83;157;74;38109;120144;82035;0,2178;0,1307;-0,0871;1,8916;178,6692;-104,6692;164,3391;-7,3391
RJ;SE;3302601;Mangaratiba;62;75;13;19039;56930;37891;0,3256;0,1317;-0,1939;1,2097;123,3910;-110,3910;116,4333;-41,4333
RJ;SE;3306107;Valença;95;103;8;28851;65452;36601;0,3293;0,1574;-0,1719;1,0842;120,5190;-112,5190;135,3549;-32,3549
RJ;SE;3305802;Teresópolis;152;267;115;64592;164073;99481;0,2353;0,1627;-0,0726;1,7566;234,1019;-119,1019;242,4880;24,5120
RJ;SE;3300308;Barra Do Piraí;100;113;13;36062;85262;49200;0,2773;0,1325;-0,1448;1,1300;136,4317;-123,4317;148,4889;-35,4889
RJ;SE;3300100;Angra Dos Reis;133;230;97;61228;170052;108824;0,2172;0,1353;-0,0820;1,7293;236,3884;-139,3884;231,9912;-1,9912
RJ;SE;3303203;Nilópolis;166;265;99;66908;164166;97258;0,2481;0,1614;-0,0867;1,5964;241,2989;-142,2989;255,8006;9,1994
RJ;SE;3302502;Magé;189;289;100;103787;246526;142739;0,1821;0,1172;-0,0649;1,5291;259,9330;-159,9330;281,9485;7,0515
RJ;SE;3300407;Barra Mansa;198;270;72;73724;168218;94494;0,2686;0,1605;-0,1081;1,3636;253,7818;-181,7818;283,7377;-13,7377
RJ;SE;3302700;Maricá;199;406;207;79899;242688;162789;0,2491;0,1673;-0,0818;2,0402;405,4495;-198,4495;379,6193;26,3807
RJ;SE;3303401;Nova Friburgo;205;304;99;75367;190156;114789;0,2720;0,1599;-0,1121;1,4829;312,2288;-213,2288;324,8411;-20,8411
RJ;SE;3304524;Rio Das Ostras;176;298;122;47135;139541;92406;0,3734;0,2136;-0,1598;1,6932;345,0399;-223,0399;327,2346;-29,2346
RJ;SE;3306305;Volta Redonda;388;603;215;123248;282086;158838;0,3148;0,2138;-0,1010;1,5541;500,0417;-285,0417;557,7270;45,2730
RJ;SE;3304201;Resende;232;215;-17;51409;126829;75420;0,4513;0,1695;-0,2818;0,9267;340,3575;-357,3575;359,4642;-144,4642
RJ;SE;3305109;São João De Meriti;401;546;145;188058;425097;237039;0,2132;0,1284;-0,0848;1,3616;505,4432;-360,4432;569,2839;-23,2839
RJ;SE;3302403;Macaé;286;357;71;92391;232364;139973;0,3096;0,1536;-0,1559;1,2483;433,2920;-362,2920;451,7451;-94,7451
RJ;SE;3300704;Cabo Frio;261;331;70;85424;231642;146218;0,3055;0,1429;-0,1626;1,2682;446,7468;-376,7468;444,4943;-113,4943
RJ;SE;3303906;Petrópolis;431;658;227;111958;283420;171462;0,3850;0,2322;-0,1528;1,5267;660,0700;-433,0700;685,2372;-27,2372
RJ;SE;3303500;Nova Iguaçu;681;1164;483;312725;736531;423806;0,2178;0,1580;-0,0597;1,7093;922,8936;-439,8936;1007,3116;156,6884
RJ;SE;3304904;São Gonçalo;737;1175;438;354035;802205;448170;0,2082;0,1465;-0,0617;1,5943;932,9622;-494,9622;1048,8055;126,1945
RJ;SE;3301702;Duque De Caxias;798;1058;260;352976;802499;449523;0,2261;0,1318;-0,0942;1,3258;1016,2712;-756,2712;1139,4375;-81,4375
RJ;SE;3303302;Niterói;765;1082;317;221349;569865;348516;0,3456;0,1899;-0,1557;1,4144;1204,4994;-887,4994;1236,9272;-154,9272
RJ;SE;3304557;Rio De Janeiro;8966;13216;4250;2446085;5955841;3509756;0,3665;0,2219;-0,1446;1,4740;12864,8319;-8614,8319;13710,6666;-494,6666
